‘바다여행의 종합 세트’ 사천으로 가자,2381406
‘이열치열’ 하러 대구로 떠나자!,2402006
‘직지’의 고장이자 쉼과 여유의 휴양지,2372021
‘충혼’의 수양벚꽃 마중하는 호젓한 꽃길,2044565
"“동굴아, 여름을 부탁해”...그늘 찾아 떠나는 삼척여행",2401954
“해금강이 전부인 줄 알았지?”...거제에서 배우는 역사,2402735
㈜블랙스톤리조트 양평지점 더 힐하우스(힐하우스),2662318
㈜엘시티관광호텔,2577328
㈜청보리,2579389
샾 모텔,2569811
샾모텔,1268116
샾호텔,1832039
가거도,131110
가경 터미널시장,1433504
가경식당,1797757
가고파민박,2574970
가고파식당,2572443
가곡추억펜션(단양추억펜션),2571935
가나샤브샤브,1928589
가나아트파크,129194
가나안식당,1604693
가도 가도 또 가고 싶은 여행지의 스테디셀러,2361026
가디언 클럽바다,131912
가락공방,2384364
가락관광호텔,142785
가락몰 페스티벌 2019,2509701
가람복집,2507936
가람초연재[한국관광 품질인증/Korea Quality],1865597
가랑드,2640274
가로수길 홈스테이,2608451
가로수스테이,2607436
가름게스트하우스,1896032
가리벨리 관광펜션(가리벨리관광펜션휴양타운),2571998
가리산 자연휴양림,2400332
가마솥국밥,2577474
가마솥보리밥,2577481
가마솥집,2580070
가마솥추어탕,2575770
가마오름,1884191
가마정,2572145
가메창(암메),1884202
가문이오름(감은이오름),1884505
가미횟집,2573961
가바나모텔,1781984
가배량성,127268
가벼슬,2428116
가빈,2581438
가사도,578400
가사도 등대,129141
가사동백숲해변,2615324
가사문학의 향을 따라가는 가사문학로드,1885246
가사해수욕장,1916695
가산공원,2403809
가산사,294369
가산서원,1957336
가새기오름,1884521
가선정,1578561
가세오름,1885746
가시리,2568267
가시식당,1866904
가시오가피마을 홍보관,2400127
가시오가피마을 홍보관,2407263
가시오름,1885754
가실성당,2513971
가야 유적지의 데이트하기 좋은 곳,1968165
가야관광호텔,142829
가야동계곡,125663
가야산 해인사 홍도식당,1905703
"가야산국립공원(홍류동,청량동지구)",126022
가야산칠불봉 야생화마을,128481
가야의 고대문화가 잠든 고령 땅을 밟다,1949308
가야의 자취를 따라 길을 걷다,1908287
가야의 잠들어 있는 문명을 만나다,1949311
가야의 흔적을 찾아서,2514870
"가야장 (5, 10일)",132156
가야컨트리클럽,130986
가야파크,2569211
가영당(전덕재 한옥),2622110
가원미술관,2518561
가원습지 생태자연공원,2398442
가은채 [한국관광 품질인증/Korea Quality],2593271
가은채2 [한국관광 품질인증/Korea Quality],2593272
가을빛묵은지,1985801
가을여행주간 맞이 '오늘은 예천에서!',2619120
가을은 향기로운 허브와 맑은 공기로 몸과 마음을 채우자,2514028
가의도,125848
가인리 바다낚시,131361
"가정의 달, 싱글을 위한 혼자 먹는 밥상 코스",2384832
가족끼리 대부도 나들이,1942787
가족들 웃음소리 가득 찬 하루,1873302
가족들을 위한 알짜배기 태백여행,1871375
가족사랑바다체험펜션,1351349
가족회관,579046
가지산 탄산유황온천,127979
가지산도립공원(울주),127567
가진항,2514820
가쯔야,2652903
가창오리의 화려한 군무를 만나다,1857201
가칠봉 지구전투전적지,126608
가평 레이크리조트,1199416
가평 아홉마지기마을,630461
가평 연하리향나무,1200950
가평 자라섬 전국 막걸리 페스티벌 2019,2039819
가평군목공예영농조합,1200751
가평리 계서당(성이성 생가),127154
가평별묘,1201082
가평사계절썰매장,131520
가평삼회 생태복원지구,1889094
"가평에서 만나보는 유럽, 이색체험 여행",2012017
가평의병3.1항일운동기념비,1284247
가평장원추어탕,1214552
가평학도의용대참전기념비,1283850
가향,1909095
가향모텔,2397182
가호서원,1959464
각산숯불갈비,2577502
각시바우오름,1887368
각화산,127157
각흘도,580102
간곡서원,1956297
간재선생유지,1608562
간절곶 소망길,2610509
간판 하나로 유명해진 원촌마을,2381376
간현청소년수련원,1850768
갈계리삼층석탑,128654
갈계숲,1577238
갈골한과마을 명인의 집,2511669
갈기산,127781
갈남항,2400130
갈도,131091
갈도 남쪽 홈통,131578
갈마못(갈뫼못),1887381
갈망개민박,2579415
갈매기배낚시,131845
갈모봉 산림욕장,2613159
갈모봉 참새미골 황토집 민박,2579423
갈모봉 힐링스테이,2579457
갈목도,580288
갈밭식당,2580078
갈비1번지,2577521
갈비구락부,719757
갈비명가 가야골,2579120
갈비스토리,2568281
"갈산장 (3, 8일)",132041
갈중이(천연염색체험),635593
갈천계곡,2398937
갈천동초가까치구멍집,129010
갈천서당,1577060
갈천서원,1959468
감각적으로 탈바꿈한 마산의 차고지로,2385684
"감곡장 / 감곡시장 (3, 8일)",132406
감나무집,686369
감나무집,1866954
감나무집(명촌점),2573089
감낭오름,1887493
감로헌,1595441
감미옥(구 대성옥),1985702
감미옥설렁탕,2428123
감성이 꿈틀꿈틀 파주 여행,2568556
감성한옥,2624165
감악문화축제 2019,1815964
감악산(거창),1576464
감암산,1905375
감은이오름,1887501
감자바우,2572109
감추사,2398443
감추해변,2398444
감치재민박,2579474
갑돌이와갑순이장어먹고,2572464
갑부본가,2580163
갑선이오름,1887866
갑오동학혁명 100주년 기념탑,1625103
갑장사(상주),294461
갑장산,126034
갓바위 산골 순두부,2572031
강경 구 연수당 건재 약방,946216
강경 중앙초등학교 강당,946451
강경젓갈시장,132519
강과 사람의 이야기가 포항의 물길,2383747
강과 소나무[한국관광 품질인증/Korea Quality],2398168
강구안게스트하우스,2575011
강남 마이스 관광특구,2456536
강남 300 컨트리클럽,131674
강남고속터미널 혼수상가,132201
강남면옥,2580169
강남목장,1756249
강남스테이힐(Gangnam Stay Hill),2574118
강남식당,2428129
강남아르누보씨티호텔[한국관광 품질인증/Korea Quality],2650614
강남촌,2413780
강다방 게스트하우스,2626937
강덕사,1957338
강동톡페스티벌 2019,1806376
강동회수산,2574044
강령전,2570638
강릉 경포로 떠나는 누정 시·문학 기행,1904557
강릉 구라미온천,127954
강릉 녹색도시체험센터,2465063
강릉 대공산성,126897
강릉 예술창작인촌,2396909
강릉 올림픽파크,2525011
강릉 지중해펜션,2626916
강릉 천년의 역사를 만나는 문화유산답사,1852909
강릉ing게스트하우스[한국관광 품질인증/Korea Quality],2398102
강릉게스트하우스 중앙점[한국관광 품질인증/Korea Quality],2038173
강릉국제영화제(GIFF) 2019,2628962
강릉녹색도시체험센터,2396910
강릉단오제전수교육관,1722228
강릉뚝배기,2413785
강릉문화원,129942
강릉빙상스포츠페스티벌 2019,2555934
강릉선교장[한국관광 품질인증/Korea Quality],1989501
강릉소금강청학제 2019,1281089
강릉시립미술관,2396946
강릉시청행정역사관,2396947
강릉안목해맞이공원,2396948
강릉의 대표 유적지 오죽헌을 걷다.,2390089
강릉컬링센터 (강릉실내빙상장),2553644
강릉항,2396952
강릉항요트마리나,2396953
강마루,1208943
강바다횟집,2579138
강바람 맞으며 죽림욕을 즐겨보자,1889372
강변 따라 즐기는 오붓한 가족캠핑,1960918
강변스파랜드,128961
강변식당,2000475
강변저류지,2401039
강변저류지 홍보관,2401038
강복궁,2575780
강복삼계탕,2572552
강북 아리수 정수센터,2462890
강북의 오래된 길을 따라 걷다,1920568
강빛노을,2397184
강서면옥,232229
강성서원,1957340
강씨네화덕생선구이꽃게장,2580221
강씨봉,125481
강양향교,1622799
"강우방선생과 함께하는 한국회화의 금자탑, 민화 읽는 법 2019",2615760
강원 춘천의 이색문화 체험 코스,1960290
강원도 고성의 송지호 캠핑장,1979622
강원도 세계잼버리 수련장,131169
강원도 양양군 겨울바다 해돋이코스,1967383
강원도 영월의 우리 민속과 아프리카 민속 박물관에서의 토속체험,1917281
강원도 태백시 힐링여행 코스,1968948
강원도의 바다와 볼거리 알차게 체험하자,1960567
강원도의 산과 바다를 동시에 즐기는 1박 2일 코스,2514013
강원도의 자연과 문학여행,1960926
강원도해장국,2507574
강원숲체험장,2610850
강원쥬라기랜드,2518623
강이 있는 풍경 (강이 있는 풍경 펜션),2568981
강재구공원,125735
강증산 탄생지,1625126
강진 백운동별서정원,2515265
강진 오감통,2515789
"강진, 천재 실학자 다산을 만나러 가는 길",2385665
강진문화원,130218
"강진시장 (2, 7일)",132291
강진아트홀,1778079
강천각모텔,136962
강천각식당,1985854
강천사 모과나무,2357460
강천사(제천),527227
강천산계곡,1610495
강촌 번지점프,2396432
강촌 출렁다리공원,2396433
강촌 해와달펜션,2397185
강촌w펜션,1802452
강촌랜드,2396434
강촌레저 서바이벌,2396441
강촌산여울펜션,2397189
강촌스케치,2397190
강촌추어탕,1599093
강촌환경생태연못,2396443
강한사,1955953
강호동백정 명동,2652936
강호장,2581490
강화 문화재 야행 2020,2605336
강화 서도 중앙교회,250326
강화 자전거 관광코스,1074812
강화 장정리 오층석탑,128824
강화 홍릉,125566
강화갯벌 및 저어새번식지,1705415
강화도,131119
강화도 비운의 역사길을 걷다,1886027
강화도 조용한 운치를 따라 능묘로 가는 길,1909304
강화도령 첫사랑 길,1909321
강화도령화문석,2599177
강화도의 애환이 서린 교동도를 밟다,1977229
강화문학관,2657498
강화섬포도축제 2020,2616441
강화유스호스텔,136605
강화전쟁박물관,2657495
강화해수랜드,662637
개령암지 마애불상군,1607032
개령향교,1954998
개성순대주식회사,2575790
개성집,134729
개심사 목조여래좌상과 목조관음보살좌상,1432440
개심사 목조여래좌상과 목조관음보살좌상,1432440
개야강변 야영장,2400357
개오름,1887873
개오리오름,1889809
개운사(서울),126501
개울한옥민박,2574326
개원사(경기),294476
개정,634155
개천식당,2580239
개초지(화원1호지),131061
갤러리 뤼미에르,130586
갤러리 마중(GALLERY MAJUNG),2569612
갤러리 MOA,2654476
갤러리JJ,2642151
갤러리아 백화점 (센터시티점),132383
갤러리아 백화점 (진주점),1002070
갤러리아 백화점 (타임월드점),132672
갤러리아백화점 명품관,273772
갤러리예가,130618
갤러리카페 봄빛,1888040
갤럭시 모텔,139224
갤럭시호텔,1832011
갬주리코지(볼락코지),131542
갯거리오름(갯그르),1889833
갯내음 펜션,2575042
갯마을낙지,2575826
갯마을해변,2398933
갯마을회 일식,1604663
갯벌바지락손칼국수,2580266
갯벌부흥펜션,945148
거경제,2600188
거궁회관,2371958
거기막국수,2428134
거동사,294489
거두리낚시터,2396444
거류산&거류산성,2381769
거린사슴,1890152
거목장민박(해남민박),1866076
거문도 신선바위,988129
거문도권,131097
거문도백도 은빛바다축제 2019,1340294
거문산,2403857
거미오름,1890177
거북선대교,2508988
거북이가 앉아있는 좌구산에서의 힐링여행,1886535
거북이낚시터,2396445
거상메밀막국수,2428140
"거슨세미(세미오름, 샘오름)",1918646
거저울곤드레돌솥밥,2580289
거제 대구 수산물축제 2019,650951
거제 대우조선해양 옥포조선소,126585
거제 좋은데펜션(구 외도바다펜션),925575
거제MVG호텔,2578459
거제대교,249970
거제더비치펜션,1855463
거제도를 돌아보는 거제도 학동캠핑장,1978858
거제도에서만 볼 수 있는 명소 코스,2394462
거제도해수보양온천,127966
거제문화예술회관,1749449
거제민속박물관,1622150
거제뷰골프텔,2578477
거제비치텔,137083
거제에서만 먹을 수 있는 바다의 맛,2393559
거제오션호텔,2578490
거제와 통영의 절경 속으로,1960921
거제으뜸횟집,2577527
거제의 청정하고 푸른 바다와 볼거리,2364082
"거제장 / 거제시장 (4, 9일)",132124
거제전통국밥,2507580
거제정글돔,2648073
거제현 관아,128033
거진등대해맞이공원,2401957
거창 갈계리 임씨고가,1578659
거창 감악사지 부도,1579613
거창 강남사지 석조여래입상,1579507
거창 거기리 성황단,1578694
거창 내오리 지석묘,1578811
거창 농산리 석조여래입상,1578542
거창 당동당산,1578267
거창 동호리 이씨고가,1579747
거창 둔마리 벽화 고분,128657
거창 무릉리 정씨고가,1578365
거창 솔향기돌담마을,1936343
거창 요수정,1578958
거창 황산리 신씨고가,128655
거창 황산마을 옛 담장,128947
거창가든,2575831
거창문화센터,1750851
거창문화원,130000
거창사건역사교육관,1576971
거창사건추모공원,1578089
거창스포츠파크,1665536
거창추어탕,1599121
거창축협한우팰리스,1599113
거창파인밸리리조트 비계산가든,1599680
거창향교,1955226
거칠현,2405830
건등낚시터,2396702
건봉다시마장산지,2401967
건봉사 능파교,2405458
건봉사 불이문,2405462
건봉사지,2405464
걷고 걸어 짜릿한 순간에 이르다,2569813
걸시오름,1918965
검계서원,1956299
검단집,1214384
검무산,2660543
검암서원,1955985
게더링 앳 홍대1(게더링앳홍대),2572777
게더링 앳 홍대2(게더링앳홍대),2572779
게방식당,2643060
게스트145,2664520
게스트하우스 류가(Guest House Ryuga),2574220
게스트하우스 리좀,2600730
게스트하우스 에쿠,2570224
게스트하우스 여정,2569228
게스트하우스 여정 [한국관광 품질인증/Korea Quality],2594149
게스트하우스 우정,2569245
게스트하우스 위드,2575102
게스트하우스 은가비,2624237
게스트하우스 G601(게스트하우스 G601_강남),2570648
게스트하우스 play at home(플레이앳홈),2569003
게스트하우스강남,2607620
게스트하우스서울삼촌[한국관광 품질인증/Korea Quality],2049484
게스트하우스여정,2575689
겨울 입맛을 돋궈주는 목포 5미,2037381
겨울공주 군밤축제 2020,2531702
겨울방학 썰매장과 안성장의 따끈함으로 추위를 달래자,2514030
겨울에 먹는 따끈한 삼계탕,2515446
"겨울여행지 추천. 느린 만큼 매력적인 곳, 1박2일 안동 여행 코스",2557515
겨울왕국제천 페스티벌 2020,2589238
격포채석강횟집,1607036
견두산,716313
견훤산성,252566
결성향교,2570229
겸면목화공원,129282
겸천서원,1957342
경각산,716538
경광서원,1957963
경기 가평군 얼음 눈꽃코스,1966519
경기 안성 문화관광 1일 코스,1960314
경기도 광주의 자연 속으로,1967350
경기도 양주 현장학습 1일 코스,1960916
경기도국악당,130546
경기도종합사격장,131785
경기도청소년수련원,1896625
경기미래교육 파주캠퍼스,129195
경기전 연가,2609894
경기콘텐츠 코리아 랩,2500296
경남 만화·웹툰 페스티벌 2019,2633479
경남 하동군 으뜸상품홍보관,1343990
"경남관광기념품점 (구, 경남관광공예명품관)",1902811
경남대학교 박물관,129821
경남도립미술관,1622590
경남돼지갈비,2571985
경남식당,2428142
경도회관,1351335
경동모텔,1832257
경동오징어국수,2580294
경동초밥,2572566
경마장오리집,614971
경백사,1959485
경복궁,2666461
경복궁,2652938
경복궁 북쪽마을 북촌 즐기기,1952962
경복궁 주·야간 전통공연 「고궁음악회」2019,2433583
경복궁&고구려울산점,2572969
경복궁24게스트하우스1 (영희당) [한국관광 품질인증/Korea Quality],2447644
경복궁24게스트하우스2 (삼현굴) [한국관광 품질인증/Korea Quality],2447839
경복궁24게스트하우스3 (오복헌) [한국관광 품질인증/Korea Quality],2448122
경복궁24게스트하우스4 (칠보암) [한국관광 품질인증/Korea Quality],2448199
경북 군위의 특별한 체험,1960312
경북 남부권을 여행하다,1948950
경산서원,1957965
경산의 팔공산 갓바위에 오르다,1948980
경산장 여관,2575116
경산향교,1955012
경상남도교육청 합천종합야영수련원,1920072
경상남도연극제 2020,1906179
경상남도청소년수련원,131478
경상남도환경교육원,131512
경상도의 중심지였던 상주를 만나다,1871068
경상도추어탕,2664576
경성대학교 조류관,1607203
경양서원,1957967
경옥봉,716552
경원모텔,2571293
경원선 철길따라 연천여행,2568652
경원아나고,2568336
경의선 타고 평양여행을 꿈꾸다,2568627
경의선숲길(연트럴파크),2553819
경의선책거리,2500229
경일한지백화점,132222
경정리 백악기 퇴적암 (경북 동해안 국가지질공원),2614455
경주 감포한옥펜션,2570570
경주 경덕왕릉,1621597
경주 골굴암 마애여래좌상,250268
경주 교동한옥집,2604602
경주 굴불사지 석조사면불상,250270
경주 금척리 고분군,250274
경주 남산 미륵곡 석조여래좌상,250263
경주 남산 불곡 마애여래좌상,250261
경주 남산 신선암 마애보살반가상,250265
경주 남산 용장사곡 삼층석탑,129521
경주 남산 용장사지 마애여래좌상,129520
경주 남산 칠불암 마애불상군,250264
경주 내물왕릉,1621397
경주 도자기축제 2020,1265451
경주 동방동 와요지,250267
경주 망덕사지,129524
경주 못지 않은 문화재의 보고,2514311
경주 문화재야행 2020,2614760
경주 법흥왕릉,1621734
경주 서라벌 한옥관[한국관광 품질인증/Korea Quality],2528120
경주 서악동 고분군,1621727
경주 성덕왕릉,1621820
경주 신무왕릉,1621809
경주 쌈밥거리,2609826
경주 양동 무첨당,231933
경주 오릉 한옥,2662883
경주 유연정,1621780
경주 율동 마애여래삼존입상,250271
경주 일성왕릉,319725
경주 재매정,250266
경주 정혜사지 십삼층석탑,231891
경주 지마왕릉,1621714
경주 진덕여왕릉,1621742
경주 최고의 문화유산을 만나다,1854218
경주 춘추관,2663054
경주 탈해왕릉,129523
경주 파인데이 게스트하우스,2570737
경주 한옥(경주한옥펜션),2663296
경주 헌덕왕릉,1621799
경주 황리단길,2658227
경주 효공왕릉,1621751
경주 효소왕릉,1621842
경주 흥덕왕릉,1621759
경주능지탑지,250269
경주문화원,130030
경주석장동암각화,231927
경주신라컨트리클럽,131132
경주애견펜션 노비오스,912647
경주엔한옥펜션,2620278
경주예술의전당,1257271
경주의 보물을 만나는 길,1945387
경주컨트리클럽,131557
경주한옥,2603652
경주햇살가득 애견펜션,2017391
경주향교,1621391
경주후연지 한옥펜션(용장리 114-9)(경주 후연지한옥펜션),2603913
경천대랜드,128900
경충사(정기룡장군유허지),126145
경포 수호텔 [한국관광 품질인증/Korea Quality],138981
경포가시연습지,2396955
경포비치펜션,1992481
경포솔향온천,2396959
경포호를 따라 조선시대를 만나다,1852913
경현서원,1957344
경호강메기탕,2575838
계곡미가 빼어난 가평의 단풍 명소,2037277
"계곡에서 탁족을 즐기고, 와인 한 잔에 역사를 음미하다",1865551
계곡을 오르며 물이 되고 숲을 거닐며 한그루 나무가 되다,1887690
계담서원,1955991
계룡 사계고택,1937772
계룡 입암저수지,2654766
계룡문화예술의전당,1754902
계룡산 산신제 2020,1561290
계룡산 온천,127982
계룡산동학사야영장,131191
계룡산삼백숙,1920784
계룡산상신농촌체험휴양마을,1938262
계룡산신도내주초석석재,1114077
계룡산에서 즐기는 도예체험,1854246
계룡저수지,131052
계류리 예술창고,2570324
계림마늘닭,2653725
계림사(김천),294530
계마리,131112
계마항,228869
계명수산풍천장어타운,2568367
계명아트센터,1756254
"계백장군에서 왕건까지, 백제부터 고려의 시간을 만나다",1889476
계산서원,1956430
계송서원,1957346
계승사(고성),297978
계암고택(김기현가옥)[한국관광 품질인증/Korea Quality],1990268
계양서원,1956434
계원사(양산),297979
계절밥상 동대문롯데피트인,2652940
계절밥상 코엑스몰,2652946
계절이야기,139177
계조암(속초),125756
"계천장 (5, 10일)",132141
계촌마을,2403858
계촌마을 클래식 거리축제 2020,2394665
고가,1909599
고견사(거창),126164
고고산,127825
고구려,2575847
고구려 역사 되짚어보는 역사기행,1874868
고구려 온달 장군의 자취를 찾아서,1854557
고구려가든,135564
고구려대장간마을 (태왕사신기 촬영장),2462674
고구려의 역사가 깃든 충주로 떠나는 역사 여행,2011639
고구려의 옛 흔적을 만나다,1869407
고구려횟집,2577532
고궁갈비,2424061
고궁식육식당,2577556
고궁의 아침,1985692
고귀,1595610
고근산,127051
고기 잡는 할아버지 집 (하나민박),2575144
고기와 사람들,2572594
고당운집,2572132
고돌이보물섬,2400359
고동산,127775
고래막,2573217
고래막집,1838867
고래면옥,2568375
고래설렁탕,2568390
고래의숲,2652948
고려,2581502
고려삼계탕,133854
고려시대부터 조선시대의 역사체험,1886018
고려약선삼계탕,2365623
고려와 조선을 잇는 나주 역사 기행,1854612
고려와 조선의 역사 현장을 가다,1886060
고려한방삼계탕,2580298
고령 대가야 달빛상점 2019,2631376
"고령대가야시장 / 고령장 (4, 9일)",132102
고령문화원,130018
고령박씨종중재실,250303
고령안화리암각화,231926
고로서원,1956304
고리봉,716240
고림사,297980
고마나루 전국 향토연극제 2019,1718002
고망난돌민박,1832696
고메홈,134041
고모역복합문화공간,2665293
고미술거리,2613669
고바우손두부,1219859
고바우식당,134261
고반식당 구월로데오,2656929
고봉삼계탕,2642895
고부구읍성,126390
고불개해변,2398446
고불락,1867998
고빈정,2574104
고산,1595802
고산 윤선도의 이상향을 만나다,1885610
고산 9경,126005
고산낚시터,131376
고산사 석조관음보살좌상,1682800
고산사 석조나한상,1682895
고산사(장흥),127937
고산서당,1955517
고산서원,1957969
고산서원,1957972
고산서원,126400
고산유물전시관,2612901
고생대 화석산지,2406358
고석정 및 순담,2405877
고석정 (한탄강 국가지질공원),2615225
고성 문암리 유적,2514847
고성 어명기 고택,126795
고성 최필간고택[한국관광 품질인증/Korea Quality],1990092
고성 학동마을 옛 담장,128946
고성 DMZ박물관 뮤지엄샵,1911421
"고성, 보랏빛 향기따라 왕곡마을과 하늬라벤더팜",2569553
"고성, 생태의 보물창고, ‘소똥령마을’",2569693
"고성, 시원하게 통일 ‘막국수’ 힐링 여행",2569741
고성곱창,2572600
고성군민의날 및 수성문화제 2019,1373544
고성박물관,2613162
고성사(강진),297983
고성산,127822
고성생태학습관,2663316
고성에서 인제로 가는 체험여행,1968096
고성유람선,129503
고성의 독특한 전통문화를 즐기다,1853384
고성장산리허씨고가,1310884
고성향교,1955235
고속터미널 꽃도매상가,132230
고송정지,1624855
고씨삼강문,1621130
고암서원,1625238
고양 관광특구,2456640
고양 구 일산역사,976680
고양대덕생태공원,2663295
고양시의 한적한 능원과 행주산성 유적지를 거닐다,1960698
고요남 명동,2653702
고운님,2663604
고운당별관,2604073
"고운사 숲길도 걷고, 애플와인 체험도 하고",1875574
고즈넉한 산사에서 보내는 하루,1854242
고진하 가옥,2405748
고집불통송가네,2604533
고창 분청사기요지,1596337
고창가을꽃잔치 2019,228999
고창모양성제 2020,604454
고창문화원,130051
고창문화의전당,1750138
고창심원풍천장어,1595623
고창오거리당산,250309
고창옹기,522298
"고창장 (3, 8일)",132314
고창컨트리클럽,777164
고척동 고인돌,2591799
고천마을,2400134
고천서원,1957981
고촌홀(제약박물관),2453179
고추만두국집,2605244
고추잠자리,1868498
고추장 익는 마을코스 [웰촌],2382589
고탄리낚시터,2396446
고택 한옥에서[한국관광 품질인증/Korea Quality],1991992
고택한옥에서,2604391
고풍스러움이 흐르는 북촌,1920563
고풍저수지,131856
고하도이충무공유적,231920
고향,2642829
고향굴구이,649323
고향마을화로구이,2424068
고향민박,2575145
고향숯불갈비,1364087
고향식당,1602269
고향의봄[한국관광 품질인증/Korea Quality],2456072
고향집,2428166
고향촌,134066
고향콩나물,2580465
고향풍천장어,2556003
고헌산(울산),126039
고현 종합시장,1213506
고현당,2572898
고현성,127265
고현횟집,2577564
고홍건신도비,1608625
고흥 남성어촌체험마을,1350855
고흥 쌍충사,250439
고흥 안남어촌체험마을,1350859
고흥 존심당 및 아문,126980
고흥권,131096
고흥분청문화박물관,2605786
고흥식당(하당점),2583173
고흥의 문화유적 코스 1,1966520
고흥의 문화유적 코스 2,1966522
고흥한우직판장,1364103
곡성 메타세쿼이아길,2616190
곡성강빛마을펜션[한국관광 품질인증/Korea Quality],2650770
곡성기차마을 패러글라이딩,2554912
곡성섬진강천문대,250345
곡성성림청소년수련의집,131463
곡성향교,126403
곡수서원,1957351
곡전재,2607706
곤도라를 타고 오르는 덕유산 향적봉,1865179
곤리도횟집,2572610
곤리민박,2575166
곤산서원,1957985
"곤양장 / 곤양종합시장 (5, 10일)",132379
곤양향교,1955237
곤지암리조트 힐링캠퍼스,2661898
곤충농장 벅스팜,2396705
곤충마을박물관,2396706
"골 깊은 정선 땅, 정이 넘치는 곳",2361072
골드 관광호텔,143010
골드 훼미리 콘도,136637
골드러시,2534393
골드레이크컨트리클럽,131877
골드모텔,136961
골든비모텔,2569251
골든코스트,1275155
골든튤립 호텔 남강,2664597
골든파크 호텔,1624188
골막식당,1868009
골목할매집,2574449
곰 여인의 전설이 강물 되어 흐르네,2037011
곰국시집,133276
곰내,2575889
곰달청기와,2575898
곰바우횟집,1369253
곰사당에서 듣는 백제 이야기,1854485
곰섬나루,1907855
곰소염전,1608654
곰솔한우프라자,2572258
곱창전문곱돌이,2575903
공감한옥게스트하우스,2603905
공감호스텔 동성로(공감동성로게스트하우스),2623597
공군박물관,129820
공룡나라고성한우프라자,2579169
공룡모텔,2579485
공룡발자국에서 전통마을까지 의성에서 즐기는 역사여행,1875578
공룡알,2579186
공룡의 시대를 찾아 떠나는 모험,1874783
공룡참빛펜션,2579498
공룡펜션민박,2579512
공림사,125895
공원불고기,2571999
공원숯불갈비,133685
공원집,133804
공주 반죽동당간지주,231954
공주 산림휴양마을,2524982
공주 우금치 전적,128113
공주 정지산 유적,250257
공주문예회관,130204
공주상신리 당간지주,126990
공주서혈사지,231955
공주식당,2035463
공주얼큰이칼국수쭈꾸미,2580470
공주치즈스쿨,1859903
공주한옥마을[한국관광 품질인증/Korea Quality],1867806
공주향교,1954463
공항교강변공원,2660638
공항철도 타고 떠나는 용유도 여행,1945733
공현진항,2401970
공현진항 배낚시,2401971
과거급제를 꿈꾸던 청년 이순신이 살던 그곳에서 놀기,1937588
과거와 현재의 시간이 겹쳐진 부암동길,1952975
과메기특구일호식당,649432
과천 은행나무길,2615457
과천시민회관,130089
과천야생화자연학습장,2615455
과천의 아름다움을 보았는가...,1967840
과학관과 문화원에서 대구에 대해 알아보기,1978180
곽도,580302
관곡서원,1956436
관곡서원 소장 전적 및 고문서,1586295
관광 꿈꾸는숲 펜션,2622230
관광산업 일자리박람회 2019,1948920
관광식당,1375276
관광펜션 시실리(평창시실리펜션),2569016
관덕정 순교기념관,1613706
관동하키센터,2534281
관란서원,1957989
관람과 체험을 함께 즐기는 이천 체험여행,1997061
관룡사,126575
관문사(서울),776082
관문산,987558
관사도,580311
관산서당,1959487
관성묘,126623
관수옥과 초량왜관 터,1942348
관아랑민박,2579528
관음굴(삼척 대이리 동굴지대),767764
"관음도 (울릉도, 독도 국가지질공원)",2616077
관음변상탱화,2406398
관음봉,717093
관음사(남원),129223
관음사(무주),1581045
관음사(울산),297985
관음사(창녕),1622923
관음암(충북),298006
관음정사(김해),1967039
관응사(김제),1597967
관흥지민물낚시(수동 제1저수지),131799
광교 프라이부르크전망대,2633915
광나루어울마당 2019,1420642
광대곡,125635
광덕계곡,125642
광덕산,127200
광덕산 관광농원,126760
광릉숲길,2638583
광릉컨트리클럽,131675
광명낚시터,2396448
광명사(부산),298091
광명수산,2653716
광명스피돔,999751
광명식당,2428173
광명의 종합문화공간과 식물원에서 꽃구경하기,2514016
광복 74주년 기념 음악회 2019,2613630
광복로 연등문화제 2020,2660151
광산서당,1622793
광시 한우거리,1936453
"광시시장 (3, 8일)",132037
광암 아리수 정수센터,2464592
광양 윤동주 유고보존 정병욱 가옥,2614384
광양 장도박물관,231965
광양만권 경제자유구역 홍보관,2469406
광양불고기,232249
광양불고기본가,232271
광양숯불구이,1948628
광양시문화예술회관,130205
광양참숯불구이,604026
광양해장국,1861336
광운농촌교육농장,126942
광이원,1909692
광장,1925387
광장시장 한복문화 체험관,2637918
광제서원,1959492
광제정,127006
광주 곤지암도자공원,1903260
광주 서구 8경 중 4경을 찾아 떠나는 여행,2011494
광주 아우라호텔,2664551
광주 조선백자 요지,125581
광주 평촌마을,2489843
광주광역시 야외스케이트(썰매)장,2650509
광주복집,1603612
광주세종호텔[한국관광 품질인증/Korea Quality],1874296
광주의 기아자동차 체험과 지역문화가 숨쉬는 박물관,1978365
광주의 민속박물관과 충효동 왕버들,1978822
광주의 예술가거리와 번화한 금남로,1978372
광주컨트리클럽,131260
"광주하계유니버시아드 주경기장을 중심으로 가족, 연인과 함께하는 여행",2011491
광주향교,1954092
광주횟집,1604985
광진해변,2398943
광천서원,1959496
광천식당(용문동),2580483
광천토굴새우젓단지,1938123
광풍정,126992
광화문광장,775394
광화문등심,2668319
광흥당,2500218
괘병산(정선),127845
괴산 미륵산성,125953
괴산 백운사 승탑군,1434605
괴산 봉학사지 석조여래좌상,1435965
괴산 봉학사지 오층석탑,1435934
괴산 사담리 망개나무 자생지,1434619
괴산 삼방리 마애여래좌상,1434629
괴산 삼방리 삼층석탑,1434663
괴산 수월정,1677831
괴산 외사리 당간지주,1434911
괴산 유기농페스티벌 2019,2619028
괴산 율지리 미선나무 자생지,1436300
괴산 이창훈 고가,1436162
괴산 장담 충신각,1436034
괴산 적석리 소나무,1437066
괴산 정인지 묘소,1678532
괴산 청천리 고가,1437090
괴산군수 관사,1431968
괴산의 자연과 한지체험 코스,1938440
"괴산장 / 괴산산막이시장 (3, 8일)",132010
괴산중학교 구 본관,1432058
괴오름,1918950
교대이층집 시청,2653719
교동 장독대마을,128301
교동 제인당(제인당 풍남동점),2608103
교동가온[한국관광 품질인증/Korea Quality],2049706
교동제비집,2657249
교동짬뽕,2428184
교동짬뽕,2428178
교암 스쿠버리조트,2401972
교암항,2401981
교암해변,125715
교하정,1795686
구 강경성결교회 예배당,946272
구 보성여관 [한국관광 품질인증/Korea Quality],2652716
구 철원제2금융조합 건물지,2405878
"구, 강경공립상업학교 관사",946549
구강서원,1957997
구계서원,1955994
구계서원,1959498
구곡산,127785
구구추어탕,1599466
구녀산,125823
구니서당,1959500
"구담장 / 안동 구담시장 (4, 9일)",132111
구담정사[한국관광 품질인증/Korea Quality],1992020
구덕골 문화예술제 2019,1566776
구덕민속촌,135287
구두리오름,1918984
구드래황토정,801453
구례 콩장,2616166
"구례5일장 / 구례전통시장(3, 8일)",132057
구례문화원,129990
구례삼촌(관광두레 주민사업체),2553063
구례포천사길,2414848
구례향교,1954835
구로G페스티벌 2020,2039869
구로공단 노동자생활체험관,2553960
구로문화원,130893
구로시장,2592394
구룡계곡,126264
구룡레저타운야영장,2396709
구룡령 옛길,2405685
구룡폭포(소금강),125669
구름에 [한국관광 품질인증/Korea Quality],2544095
구름에달가듯이,1373667
구리 농수산물도매시장,1756512
구리 자원회수시설,2462631
구리 코스모스축제 2019,622946
구리타워,129554
구림전통한옥민박,2668091
구만계곡(밀양),126065
구만서원,1958004
구미사랑 페스티벌 2019,2621284
구미센츄리호텔,143052
구미시 낙동강 수상레포츠 체험센터,2501042
구미시 청년페스티벌 2019,2630369
구미시승마장,1750444
구미에코랜드,2500326
"구미장 / 구미 중앙시장 (1, 6일)",1437445
구미횟집,2580489
구봉대산,126601
구봉도 낙조전망대,2615560
구봉산,2396458
구봉산 전망대,2654617
